"","fromDORA","toDORA"
"1","Art 10, Abs 1","Art 17, Abs 1"
"2","Art 10, Abs 1","Art 17, Abs 2"
"3","Art 10, Abs 1","Art 17, Abs 3"
"4","Art 10, Abs 2","Art 10, Abs 1"
"5","Art 10, Abs 2","Art 10, Abs 2"
"6","Art 10, Abs 2","Art 10, Abs 3"
"7","Art 10, Abs 2","Art 10, Abs 4"
"8","Art 10, Abs 2","Art 11, Abs 1"
"9","Art 10, Abs 2","Art 11, Abs 2"
"10","Art 10, Abs 2","Art 11, Abs 3"
"11","Art 10, Abs 2","Art 11, Abs 4"
"12","Art 10, Abs 2","Art 11, Abs 5"
"13","Art 10, Abs 2","Art 11, Abs 6"
"14","Art 10, Abs 2","Art 11, Abs 7"
"15","Art 10, Abs 2","Art 11, Abs 8"
"16","Art 10, Abs 2","Art 11, Abs 9"
"17","Art 10, Abs 2","Art 11, Abs 10"
"18","Art 10, Abs 2","Art 11, Abs 11"
"19","Art 10, Abs 2","Art 12, Abs 1"
"20","Art 10, Abs 2","Art 12, Abs 2"
"21","Art 10, Abs 2","Art 12, Abs 3"
"22","Art 10, Abs 2","Art 12, Abs 4"
"23","Art 10, Abs 2","Art 12, Abs 5"
"24","Art 10, Abs 2","Art 12, Abs 6"
"25","Art 10, Abs 2","Art 12, Abs 7"
"26","Art 10, Abs 2","Art 13, Abs 1"
"27","Art 10, Abs 2","Art 13, Abs 2"
"28","Art 10, Abs 2","Art 13, Abs 3"
"29","Art 10, Abs 2","Art 13, Abs 4"
"30","Art 10, Abs 2","Art 13, Abs 5"
"31","Art 10, Abs 2","Art 13, Abs 6"
"32","Art 10, Abs 2","Art 13, Abs 7"
"33","Art 10, Abs 2","Art 14, Abs 1"
"34","Art 10, Abs 2","Art 14, Abs 2"
"35","Art 10, Abs 2","Art 14, Abs 3"
"36","Art 10, Abs 2","Art 15, Abs 1"
"37","Art 10, Abs 2","Art 16, Abs 1"
"38","Art 10, Abs 2","Art 16, Abs 2"
"39","Art 10, Abs 2","Art 16, Abs 3"
"40","Art 10, Abs 2","Art 17, Abs 1"
"41","Art 10, Abs 2","Art 17, Abs 2"
"42","Art 10, Abs 2","Art 17, Abs 3"
"43","Art 10, Abs 2","Art 18, Abs 1"
"44","Art 10, Abs 2","Art 18, Abs 2"
"45","Art 10, Abs 2","Art 18, Abs 3"
"46","Art 10, Abs 2","Art 18, Abs 4"
"47","Art 10, Abs 2","Art 19, Abs 1"
"48","Art 10, Abs 2","Art 19, Abs 2"
"49","Art 10, Abs 2","Art 19, Abs 3"
"50","Art 10, Abs 2","Art 19, Abs 4"
"51","Art 10, Abs 2","Art 19, Abs 5"
"52","Art 10, Abs 2","Art 19, Abs 6"
"53","Art 10, Abs 2","Art 19, Abs 7"
"54","Art 10, Abs 2","Art 19, Abs 8"
"55","Art 11, Abs 1","Art 6, Abs 1"
"56","Art 11, Abs 1","Art 6, Abs 10"
"57","Art 11, Abs 2","Art 14, Abs 1"
"58","Art 11, Abs 2","Art 14, Abs 2"
"59","Art 11, Abs 2","Art 14, Abs 3"
"60","Art 11, Abs 2","Art 12, Abs 1"
"61","Art 11, Abs 2","Art 12, Abs 2"
"62","Art 11, Abs 2","Art 12, Abs 3"
"63","Art 11, Abs 2","Art 12, Abs 4"
"64","Art 11, Abs 2","Art 12, Abs 5"
"65","Art 11, Abs 2","Art 12, Abs 6"
"66","Art 11, Abs 2","Art 12, Abs 7"
"67","Art 11, Abs 2","Art 19, Abs 1"
"68","Art 11, Abs 2","Art 19, Abs 2"
"69","Art 11, Abs 2","Art 19, Abs 3"
"70","Art 11, Abs 2","Art 19, Abs 4"
"71","Art 11, Abs 2","Art 19, Abs 5"
"72","Art 11, Abs 2","Art 19, Abs 6"
"73","Art 11, Abs 2","Art 19, Abs 7"
"74","Art 11, Abs 2","Art 19, Abs 8"
"75","Art 11, Abs 3","Art 6, Abs 1"
"76","Art 11, Abs 3","Art 6, Abs 10"
"77","Art 11, Abs 6","Art 14, Abs 1"
"78","Art 11, Abs 6","Art 14, Abs 2"
"79","Art 11, Abs 6","Art 14, Abs 3"
"80","Art 11, Abs 6","Art 12, Abs 1"
"81","Art 11, Abs 6","Art 12, Abs 2"
"82","Art 11, Abs 6","Art 12, Abs 3"
"83","Art 11, Abs 6","Art 12, Abs 4"
"84","Art 11, Abs 6","Art 12, Abs 5"
"85","Art 11, Abs 6","Art 12, Abs 6"
"86","Art 11, Abs 6","Art 12, Abs 7"
"87","Art 11, Abs 7","Art 14, Abs 1"
"88","Art 11, Abs 7","Art 14, Abs 2"
"89","Art 11, Abs 7","Art 14, Abs 3"
"90","Art 11, Abs 11","Art 10, Abs 1"
"91","Art 11, Abs 11","Art 10, Abs 2"
"92","Art 11, Abs 11","Art 10, Abs 3"
"93","Art 11, Abs 11","Art 10, Abs 4"
"94","Art 13, Abs 2","Art 11, Abs 1"
"95","Art 13, Abs 2","Art 11, Abs 2"
"96","Art 13, Abs 2","Art 11, Abs 3"
"97","Art 13, Abs 2","Art 11, Abs 4"
"98","Art 13, Abs 2","Art 11, Abs 5"
"99","Art 13, Abs 2","Art 11, Abs 6"
"100","Art 13, Abs 2","Art 11, Abs 7"
"101","Art 13, Abs 2","Art 11, Abs 8"
"102","Art 13, Abs 2","Art 11, Abs 9"
"103","Art 13, Abs 2","Art 11, Abs 10"
"104","Art 13, Abs 2","Art 11, Abs 11"
"105","Art 13, Abs 3","Art 6, Abs 1"
"106","Art 13, Abs 3","Art 6, Abs 10"
"107","Art 13, Abs 3","Art 26, Abs 1"
"108","Art 13, Abs 3","Art 26, Abs 2"
"109","Art 13, Abs 3","Art 26, Abs 3"
"110","Art 13, Abs 3","Art 26, Abs 4"
"111","Art 13, Abs 3","Art 26, Abs 5"
"112","Art 13, Abs 3","Art 26, Abs 6"
"113","Art 13, Abs 3","Art 26, Abs 7"
"114","Art 13, Abs 3","Art 26, Abs 8"
"115","Art 13, Abs 3","Art 26, Abs 9"
"116","Art 13, Abs 3","Art 26, Abs 10"
"117","Art 13, Abs 3","Art 26, Abs 11"
"118","Art 13, Abs 3","Art 10, Abs 1"
"119","Art 13, Abs 3","Art 10, Abs 2"
"120","Art 13, Abs 3","Art 10, Abs 3"
"121","Art 13, Abs 3","Art 10, Abs 4"
"122","Art 13, Abs 3","Art 11, Abs 1"
"123","Art 13, Abs 3","Art 11, Abs 2"
"124","Art 13, Abs 3","Art 11, Abs 3"
"125","Art 13, Abs 3","Art 11, Abs 4"
"126","Art 13, Abs 3","Art 11, Abs 5"
"127","Art 13, Abs 3","Art 11, Abs 6"
"128","Art 13, Abs 3","Art 11, Abs 7"
"129","Art 13, Abs 3","Art 11, Abs 8"
"130","Art 13, Abs 3","Art 11, Abs 9"
"131","Art 13, Abs 3","Art 11, Abs 10"
"132","Art 13, Abs 3","Art 11, Abs 11"
"133","Art 13, Abs 3","Art 12, Abs 1"
"134","Art 13, Abs 3","Art 12, Abs 2"
"135","Art 13, Abs 3","Art 12, Abs 3"
"136","Art 13, Abs 3","Art 12, Abs 4"
"137","Art 13, Abs 3","Art 12, Abs 5"
"138","Art 13, Abs 3","Art 12, Abs 6"
"139","Art 13, Abs 3","Art 12, Abs 7"
"140","Art 13, Abs 3","Art 13, Abs 1"
"141","Art 13, Abs 3","Art 13, Abs 2"
"142","Art 13, Abs 3","Art 13, Abs 3"
"143","Art 13, Abs 3","Art 13, Abs 4"
"144","Art 13, Abs 3","Art 13, Abs 5"
"145","Art 13, Abs 3","Art 13, Abs 6"
"146","Art 13, Abs 3","Art 13, Abs 7"
"147","Art 13, Abs 3","Art 14, Abs 1"
"148","Art 13, Abs 3","Art 14, Abs 2"
"149","Art 13, Abs 3","Art 14, Abs 3"
"150","Art 13, Abs 3","Art 15, Abs 1"
"151","Art 13, Abs 3","Art 16, Abs 1"
"152","Art 13, Abs 3","Art 16, Abs 2"
"153","Art 13, Abs 3","Art 16, Abs 3"
"154","Art 13, Abs 3","Art 17, Abs 1"
"155","Art 13, Abs 3","Art 17, Abs 2"
"156","Art 13, Abs 3","Art 17, Abs 3"
"157","Art 13, Abs 3","Art 18, Abs 1"
"158","Art 13, Abs 3","Art 18, Abs 2"
"159","Art 13, Abs 3","Art 18, Abs 3"
"160","Art 13, Abs 3","Art 18, Abs 4"
"161","Art 13, Abs 3","Art 19, Abs 1"
"162","Art 13, Abs 3","Art 19, Abs 2"
"163","Art 13, Abs 3","Art 19, Abs 3"
"164","Art 13, Abs 3","Art 19, Abs 4"
"165","Art 13, Abs 3","Art 19, Abs 5"
"166","Art 13, Abs 3","Art 19, Abs 6"
"167","Art 13, Abs 3","Art 19, Abs 7"
"168","Art 13, Abs 3","Art 19, Abs 8"
"169","Art 13, Abs 3","Art 20, Abs 1"
"170","Art 13, Abs 3","Art 21, Abs 1"
"171","Art 13, Abs 3","Art 21, Abs 2"
"172","Art 13, Abs 3","Art 21, Abs 3"
"173","Art 13, Abs 3","Art 22, Abs 1"
"174","Art 13, Abs 3","Art 22, Abs 2"
"175","Art 13, Abs 3","Art 23, Abs 1"
"176","Art 13, Abs 3","Art 24, Abs 1"
"177","Art 13, Abs 3","Art 24, Abs 2"
"178","Art 13, Abs 3","Art 24, Abs 3"
"179","Art 13, Abs 3","Art 24, Abs 4"
"180","Art 13, Abs 3","Art 24, Abs 5"
"181","Art 13, Abs 3","Art 24, Abs 6"
"182","Art 13, Abs 3","Art 25, Abs 1"
"183","Art 13, Abs 3","Art 25, Abs 2"
"184","Art 13, Abs 3","Art 25, Abs 3"
"185","Art 13, Abs 3","Art 26, Abs 1"
"186","Art 13, Abs 3","Art 26, Abs 2"
"187","Art 13, Abs 3","Art 26, Abs 3"
"188","Art 13, Abs 3","Art 26, Abs 4"
"189","Art 13, Abs 3","Art 26, Abs 5"
"190","Art 13, Abs 3","Art 26, Abs 6"
"191","Art 13, Abs 3","Art 26, Abs 7"
"192","Art 13, Abs 3","Art 26, Abs 8"
"193","Art 13, Abs 3","Art 26, Abs 9"
"194","Art 13, Abs 3","Art 26, Abs 10"
"195","Art 13, Abs 3","Art 26, Abs 11"
"196","Art 13, Abs 3","Art 27, Abs 1"
"197","Art 13, Abs 3","Art 27, Abs 2"
"198","Art 13, Abs 3","Art 27, Abs 3"
"199","Art 13, Abs 3","Art 28, Abs 1"
"200","Art 13, Abs 3","Art 28, Abs 2"
"201","Art 13, Abs 3","Art 28, Abs 3"
"202","Art 13, Abs 3","Art 28, Abs 4"
"203","Art 13, Abs 3","Art 28, Abs 5"
"204","Art 13, Abs 3","Art 28, Abs 6"
"205","Art 13, Abs 3","Art 28, Abs 7"
"206","Art 13, Abs 3","Art 28, Abs 8"
"207","Art 13, Abs 3","Art 28, Abs 9"
"208","Art 13, Abs 3","Art 28, Abs 10"
"209","Art 13, Abs 3","Art 29, Abs 1"
"210","Art 13, Abs 3","Art 29, Abs 2"
"211","Art 13, Abs 3","Art 30, Abs 1"
"212","Art 13, Abs 3","Art 30, Abs 2"
"213","Art 13, Abs 3","Art 30, Abs 3"
"214","Art 13, Abs 3","Art 30, Abs 4"
"215","Art 13, Abs 3","Art 30, Abs 5"
"216","Art 13, Abs 3","Art 31, Abs 1"
"217","Art 13, Abs 3","Art 31, Abs 2"
"218","Art 13, Abs 3","Art 31, Abs 3"
"219","Art 13, Abs 3","Art 31, Abs 4"
"220","Art 13, Abs 3","Art 31, Abs 5"
"221","Art 13, Abs 3","Art 31, Abs 6"
"222","Art 13, Abs 3","Art 31, Abs 7"
"223","Art 13, Abs 3","Art 31, Abs 8"
"224","Art 13, Abs 3","Art 31, Abs 9"
"225","Art 13, Abs 3","Art 31, Abs 10"
"226","Art 13, Abs 3","Art 31, Abs 11"
"227","Art 13, Abs 3","Art 31, Abs 12"
"228","Art 13, Abs 3","Art 31, Abs 13"
"229","Art 13, Abs 3","Art 32, Abs 1"
"230","Art 13, Abs 3","Art 32, Abs 2"
"231","Art 13, Abs 3","Art 32, Abs 3"
"232","Art 13, Abs 3","Art 32, Abs 4"
"233","Art 13, Abs 3","Art 32, Abs 5"
"234","Art 13, Abs 3","Art 32, Abs 6"
"235","Art 13, Abs 3","Art 32, Abs 7"
"236","Art 13, Abs 3","Art 32, Abs 8"
"237","Art 13, Abs 3","Art 32, Abs 9"
"238","Art 13, Abs 3","Art 33, Abs 1"
"239","Art 13, Abs 3","Art 33, Abs 2"
"240","Art 13, Abs 3","Art 33, Abs 3"
"241","Art 13, Abs 3","Art 33, Abs 4"
"242","Art 13, Abs 3","Art 33, Abs 5"
"243","Art 13, Abs 3","Art 34, Abs 1"
"244","Art 13, Abs 3","Art 34, Abs 2"
"245","Art 13, Abs 3","Art 34, Abs 3"
"246","Art 13, Abs 3","Art 35, Abs 1"
"247","Art 13, Abs 3","Art 35, Abs 2"
"248","Art 13, Abs 3","Art 35, Abs 3"
"249","Art 13, Abs 3","Art 35, Abs 4"
"250","Art 13, Abs 3","Art 35, Abs 5"
"251","Art 13, Abs 3","Art 35, Abs 6"
"252","Art 13, Abs 3","Art 35, Abs 7"
"253","Art 13, Abs 3","Art 35, Abs 8"
"254","Art 13, Abs 3","Art 35, Abs 9"
"255","Art 13, Abs 3","Art 35, Abs 10"
"256","Art 13, Abs 3","Art 35, Abs 11"
"257","Art 13, Abs 3","Art 36, Abs 1"
"258","Art 13, Abs 3","Art 36, Abs 2"
"259","Art 13, Abs 3","Art 36, Abs 3"
"260","Art 13, Abs 3","Art 37, Abs 1"
"261","Art 13, Abs 3","Art 37, Abs 2"
"262","Art 13, Abs 3","Art 37, Abs 3"
"263","Art 13, Abs 3","Art 37, Abs 4"
"264","Art 13, Abs 3","Art 37, Abs 5"
"265","Art 13, Abs 3","Art 38, Abs 1"
"266","Art 13, Abs 3","Art 38, Abs 2"
"267","Art 13, Abs 3","Art 38, Abs 3"
"268","Art 13, Abs 3","Art 38, Abs 4"
"269","Art 13, Abs 3","Art 38, Abs 5"
"270","Art 13, Abs 3","Art 39, Abs 1"
"271","Art 13, Abs 3","Art 39, Abs 2"
"272","Art 13, Abs 3","Art 39, Abs 3"
"273","Art 13, Abs 3","Art 39, Abs 4"
"274","Art 13, Abs 3","Art 39, Abs 5"
"275","Art 13, Abs 3","Art 39, Abs 6"
"276","Art 13, Abs 3","Art 39, Abs 7"
"277","Art 13, Abs 3","Art 40, Abs 1"
"278","Art 13, Abs 3","Art 40, Abs 2"
"279","Art 13, Abs 3","Art 40, Abs 3"
"280","Art 13, Abs 3","Art 40, Abs 4"
"281","Art 13, Abs 3","Art 41, Abs 1"
"282","Art 13, Abs 3","Art 41, Abs 2"
"283","Art 13, Abs 3","Art 42, Abs 1"
"284","Art 13, Abs 3","Art 42, Abs 2"
"285","Art 13, Abs 3","Art 42, Abs 3"
"286","Art 13, Abs 3","Art 42, Abs 4"
"287","Art 13, Abs 3","Art 42, Abs 5"
"288","Art 13, Abs 3","Art 42, Abs 6"
"289","Art 13, Abs 3","Art 42, Abs 7"
"290","Art 13, Abs 3","Art 42, Abs 8"
"291","Art 13, Abs 3","Art 42, Abs 9"
"292","Art 13, Abs 3","Art 42, Abs 10"
"293","Art 13, Abs 3","Art 42, Abs 11"
"294","Art 13, Abs 3","Art 43, Abs 1"
"295","Art 13, Abs 3","Art 43, Abs 2"
"296","Art 13, Abs 3","Art 44, Abs 1"
"297","Art 13, Abs 3","Art 44, Abs 2"
"298","Art 13, Abs 3","Art 45, Abs 1"
"299","Art 13, Abs 3","Art 45, Abs 2"
"300","Art 13, Abs 3","Art 45, Abs 3"
"301","Art 13, Abs 3","Art 46, Abs 1"
"302","Art 13, Abs 3","Art 47, Abs 1"
"303","Art 13, Abs 3","Art 47, Abs 2"
"304","Art 13, Abs 3","Art 47, Abs 3"
"305","Art 13, Abs 3","Art 47, Abs 4"
"306","Art 13, Abs 3","Art 48, Abs 1"
"307","Art 13, Abs 3","Art 48, Abs 2"
"308","Art 13, Abs 3","Art 49, Abs 1"
"309","Art 13, Abs 3","Art 49, Abs 2"
"310","Art 13, Abs 3","Art 5, Abs 1"
"311","Art 13, Abs 3","Art 5, Abs 2"
"312","Art 13, Abs 3","Art 5, Abs 3"
"313","Art 13, Abs 3","Art 5, Abs 4"
"314","Art 13, Abs 3","Art 50, Abs 1"
"315","Art 13, Abs 3","Art 50, Abs 2"
"316","Art 13, Abs 3","Art 50, Abs 3"
"317","Art 13, Abs 3","Art 50, Abs 4"
"318","Art 13, Abs 3","Art 50, Abs 5"
"319","Art 13, Abs 3","Art 50, Abs 6"
"320","Art 13, Abs 3","Art 51, Abs 1"
"321","Art 13, Abs 3","Art 51, Abs 2"
"322","Art 13, Abs 3","Art 52, Abs 1"
"323","Art 13, Abs 3","Art 52, Abs 2"
"324","Art 13, Abs 3","Art 53, Abs 1"
"325","Art 13, Abs 3","Art 54, Abs 1"
"326","Art 13, Abs 3","Art 54, Abs 1"
"327","Art 13, Abs 3","Art 54, Abs 2"
"328","Art 13, Abs 3","Art 54, Abs 3"
"329","Art 13, Abs 3","Art 54, Abs 4"
"330","Art 13, Abs 3","Art 54, Abs 5"
"331","Art 13, Abs 3","Art 54, Abs 6"
"332","Art 13, Abs 3","Art 55, Abs 2"
"333","Art 13, Abs 3","Art 55, Abs 3"
"334","Art 13, Abs 3","Art 55, Abs 4"
"335","Art 13, Abs 3","Art 56, Abs 1"
"336","Art 13, Abs 3","Art 56, Abs 2"
"337","Art 13, Abs 3","Art 57, Abs 1"
"338","Art 13, Abs 3","Art 57, Abs 2"
"339","Art 13, Abs 3","Art 57, Abs 3"
"340","Art 13, Abs 3","Art 57, Abs 4"
"341","Art 13, Abs 3","Art 57, Abs 5"
"342","Art 13, Abs 3","Art 57, Abs 6"
"343","Art 13, Abs 3","Art 58, Abs 1"
"344","Art 13, Abs 3","Art 58, Abs 2"
"345","Art 13, Abs 3","Art 58, Abs 3"
"346","Art 13, Abs 3","Art 6, Abs 1"
"347","Art 13, Abs 3","Art 6, Abs 2"
"348","Art 13, Abs 3","Art 6, Abs 3"
"349","Art 13, Abs 3","Art 6, Abs 4"
"350","Art 13, Abs 3","Art 6, Abs 5"
"351","Art 13, Abs 3","Art 6, Abs 6"
"352","Art 13, Abs 3","Art 6, Abs 7"
"353","Art 13, Abs 3","Art 6, Abs 8"
"354","Art 13, Abs 3","Art 6, Abs 9"
"355","Art 13, Abs 3","Art 6, Abs 10"
"356","Art 13, Abs 3","Art 7, Abs 1"
"357","Art 13, Abs 3","Art 8, Abs 1"
"358","Art 13, Abs 3","Art 8, Abs 2"
"359","Art 13, Abs 3","Art 8, Abs 3"
"360","Art 13, Abs 3","Art 8, Abs 4"
"361","Art 13, Abs 3","Art 8, Abs 5"
"362","Art 13, Abs 3","Art 8, Abs 6"
"363","Art 13, Abs 3","Art 8, Abs 7"
"364","Art 13, Abs 3","Art 9, Abs 1"
"365","Art 13, Abs 3","Art 9, Abs 2"
"366","Art 13, Abs 3","Art 9, Abs 3"
"367","Art 13, Abs 3","Art 9, Abs 4"
"368","Art 13, Abs 4","Art 6, Abs 8"
"369","Art 13, Abs 5","Art 13, Abs 3"
"370","Art 13, Abs 6","Art 30, Abs 2"
"371","Art 14, Abs 1","Art 6, Abs 1"
"372","Art 14, Abs 1","Art 6, Abs 10"
"373","Art 15, Abs 1","Art 9, Abs 2"
"374","Art 15, Abs 1","Art 9, Abs 4"
"375","Art 15, Abs 1","Art 10, Abs 1"
"376","Art 15, Abs 1","Art 10, Abs 2"
"377","Art 15, Abs 1","Art 11, Abs 1"
"378","Art 15, Abs 1","Art 11, Abs 10"
"379","Art 15, Abs 1","Art 11, Abs 11"
"380","Art 15, Abs 1","Art 11, Abs 6"
"381","Art 15, Abs 1","Art 11, Abs 3"
"382","Art 15, Abs 1","Art 6, Abs 5"
"383","Art 16, Abs 2","Art 16, Abs 1"
"384","Art 16, Abs 3","Art 16, Abs 1"
"385","Art 16, Abs 3","Art 16, Abs 2"
"386","Art 17, Abs 3","Art 16, Abs 1"
"387","Art 17, Abs 3","Art 14, Abs 1"
"388","Art 17, Abs 3","Art 14, Abs 2"
"389","Art 17, Abs 3","Art 14, Abs 3"
"390","Art 17, Abs 3","Art 18, Abs 1"
"391","Art 18, Abs 3","Art 18, Abs 1"
"392","Art 18, Abs 3","Art 19, Abs 1"
"393","Art 18, Abs 3","Art 19, Abs 6"
"394","Art 18, Abs 3","Art 19, Abs 7"
"395","Art 18, Abs 3","Art 18, Abs 2"
"396","Art 18, Abs 4","Art 18, Abs 3"
"397","Art 19, Abs 1","Art 40, Abs 1"
"398","Art 19, Abs 1","Art 40, Abs 2"
"399","Art 19, Abs 1","Art 40, Abs 3"
"400","Art 19, Abs 1","Art 40, Abs 4"
"401","Art 19, Abs 1","Art 41, Abs 1"
"402","Art 19, Abs 1","Art 41, Abs 2"
"403","Art 19, Abs 1","Art 42, Abs 1"
"404","Art 19, Abs 1","Art 42, Abs 2"
"405","Art 19, Abs 1","Art 42, Abs 3"
"406","Art 19, Abs 1","Art 42, Abs 4"
"407","Art 19, Abs 1","Art 42, Abs 5"
"408","Art 19, Abs 1","Art 42, Abs 6"
"409","Art 19, Abs 1","Art 42, Abs 7"
"410","Art 19, Abs 1","Art 42, Abs 8"
"411","Art 19, Abs 1","Art 42, Abs 9"
"412","Art 19, Abs 1","Art 42, Abs 10"
"413","Art 19, Abs 1","Art 42, Abs 11"
"414","Art 19, Abs 1","Art 43, Abs 1"
"415","Art 19, Abs 1","Art 43, Abs 2"
"416","Art 19, Abs 1","Art 44, Abs 1"
"417","Art 19, Abs 1","Art 44, Abs 2"
"418","Art 19, Abs 1","Art 45, Abs 1"
"419","Art 19, Abs 1","Art 45, Abs 2"
"420","Art 19, Abs 1","Art 45, Abs 3"
"421","Art 19, Abs 1","Art 46, Abs 1"
"422","Art 19, Abs 1","Art 47, Abs 1"
"423","Art 19, Abs 1","Art 47, Abs 2"
"424","Art 19, Abs 1","Art 47, Abs 3"
"425","Art 19, Abs 1","Art 47, Abs 4"
"426","Art 19, Abs 1","Art 48, Abs 1"
"427","Art 19, Abs 1","Art 48, Abs 2"
"428","Art 19, Abs 1","Art 49, Abs 1"
"429","Art 19, Abs 1","Art 49, Abs 2"
"430","Art 19, Abs 1","Art 20, Abs 1"
"431","Art 19, Abs 1","Art 19, Abs 4"
"432","Art 19, Abs 1","Art 20, Abs 1"
"433","Art 19, Abs 2","Art 19, Abs 6"
"434","Art 19, Abs 4","Art 20, Abs 1"
"435","Art 19, Abs 7","Art 19, Abs 6"
"436","Art 19, Abs 8","Art 19, Abs 7"
"437","Art 20, Abs 1","Art 18, Abs 1"
"438","Art 20, Abs 1","Art 19, Abs 4"
"439","Art 22, Abs 1","Art 19, Abs 4"
"440","Art 22, Abs 1","Art 19, Abs 1"
"441","Art 22, Abs 2","Art 19, Abs 6"
"442","Art 24, Abs 1","Art 24, Abs 6"
"443","Art 24, Abs 2","Art 25, Abs 1"
"444","Art 24, Abs 2","Art 25, Abs 2"
"445","Art 24, Abs 2","Art 25, Abs 3"
"446","Art 24, Abs 2","Art 26, Abs 1"
"447","Art 24, Abs 2","Art 26, Abs 2"
"448","Art 24, Abs 2","Art 26, Abs 3"
"449","Art 24, Abs 2","Art 26, Abs 4"
"450","Art 24, Abs 2","Art 26, Abs 5"
"451","Art 24, Abs 2","Art 26, Abs 6"
"452","Art 24, Abs 2","Art 26, Abs 7"
"453","Art 24, Abs 2","Art 26, Abs 8"
"454","Art 24, Abs 2","Art 26, Abs 9"
"455","Art 24, Abs 2","Art 26, Abs 10"
"456","Art 24, Abs 2","Art 26, Abs 11"
"457","Art 24, Abs 3","Art 24, Abs 1"
"458","Art 25, Abs 1","Art 24, Abs 1"
"459","Art 25, Abs 1","Art 24, Abs 2"
"460","Art 25, Abs 1","Art 24, Abs 3"
"461","Art 25, Abs 1","Art 24, Abs 4"
"462","Art 25, Abs 1","Art 24, Abs 5"
"463","Art 25, Abs 1","Art 24, Abs 6"
"464","Art 26, Abs 1","Art 26, Abs 8"
"465","Art 26, Abs 1","Art 16, Abs 1"
"466","Art 26, Abs 4","Art 26, Abs 3"
"467","Art 26, Abs 4","Art 26, Abs 2"
"468","Art 26, Abs 6","Art 26, Abs 9"
"469","Art 26, Abs 6","Art 26, Abs 10"
"470","Art 26, Abs 7","Art 26, Abs 4"
"471","Art 26, Abs 8","Art 27, Abs 1"
"472","Art 26, Abs 10","Art 27, Abs 1"
"473","Art 26, Abs 10","Art 27, Abs 2"
"474","Art 26, Abs 10","Art 27, Abs 3"
"475","Art 26, Abs 11","Art 26, Abs 2"
"476","Art 26, Abs 11","Art 26, Abs 8"
"477","Art 27, Abs 2","Art 27, Abs 1"
"478","Art 27, Abs 2","Art 26, Abs 9"
"479","Art 27, Abs 2","Art 26, Abs 10"
"480","Art 28, Abs 2","Art 16, Abs 1"
"481","Art 28, Abs 2","Art 6, Abs 9"
"482","Art 28, Abs 4","Art 29, Abs 1"
"483","Art 28, Abs 4","Art 29, Abs 2"
"484","Art 28, Abs 8","Art 28, Abs 7"
"485","Art 28, Abs 9","Art 28, Abs 3"
"486","Art 28, Abs 10","Art 28, Abs 2"
"487","Art 29, Abs 1","Art 28, Abs 4"
"488","Art 30, Abs 2","Art 13, Abs 6"
"489","Art 30, Abs 3","Art 26, Abs 1"
"490","Art 30, Abs 3","Art 26, Abs 2"
"491","Art 30, Abs 3","Art 26, Abs 3"
"492","Art 30, Abs 3","Art 26, Abs 4"
"493","Art 30, Abs 3","Art 26, Abs 5"
"494","Art 30, Abs 3","Art 26, Abs 6"
"495","Art 30, Abs 3","Art 26, Abs 7"
"496","Art 30, Abs 3","Art 26, Abs 8"
"497","Art 30, Abs 3","Art 26, Abs 9"
"498","Art 30, Abs 3","Art 26, Abs 10"
"499","Art 30, Abs 3","Art 26, Abs 11"
"500","Art 30, Abs 3","Art 27, Abs 1"
"501","Art 30, Abs 3","Art 27, Abs 2"
"502","Art 30, Abs 3","Art 27, Abs 3"
"503","Art 30, Abs 5","Art 30, Abs 2"
"504","Art 31, Abs 1","Art 31, Abs 2"
"505","Art 31, Abs 1","Art 32, Abs 1"
"506","Art 31, Abs 2","Art 31, Abs 1"
"507","Art 31, Abs 2","Art 31, Abs 10"
"508","Art 31, Abs 2","Art 31, Abs 11"
"509","Art 31, Abs 2","Art 31, Abs 12"
"510","Art 31, Abs 2","Art 31, Abs 13"
"511","Art 31, Abs 5","Art 31, Abs 1"
"512","Art 31, Abs 5","Art 31, Abs 10"
"513","Art 31, Abs 5","Art 31, Abs 11"
"514","Art 31, Abs 5","Art 31, Abs 12"
"515","Art 31, Abs 5","Art 31, Abs 13"
"516","Art 31, Abs 6","Art 57, Abs 1"
"517","Art 31, Abs 6","Art 57, Abs 2"
"518","Art 31, Abs 6","Art 57, Abs 3"
"519","Art 31, Abs 6","Art 57, Abs 4"
"520","Art 31, Abs 6","Art 57, Abs 5"
"521","Art 31, Abs 6","Art 57, Abs 6"
"522","Art 31, Abs 6","Art 31, Abs 2"
"523","Art 31, Abs 7","Art 31, Abs 1"
"524","Art 31, Abs 7","Art 31, Abs 10"
"525","Art 31, Abs 7","Art 31, Abs 11"
"526","Art 31, Abs 7","Art 31, Abs 12"
"527","Art 31, Abs 7","Art 31, Abs 13"
"528","Art 31, Abs 8","Art 31, Abs 1"
"529","Art 31, Abs 8","Art 31, Abs 10"
"530","Art 31, Abs 8","Art 31, Abs 11"
"531","Art 31, Abs 8","Art 31, Abs 12"
"532","Art 31, Abs 8","Art 31, Abs 13"
"533","Art 31, Abs 10","Art 32, Abs 1"
"534","Art 31, Abs 10","Art 32, Abs 2"
"535","Art 31, Abs 10","Art 32, Abs 3"
"536","Art 31, Abs 10","Art 32, Abs 4"
"537","Art 31, Abs 10","Art 32, Abs 5"
"538","Art 31, Abs 10","Art 32, Abs 6"
"539","Art 31, Abs 10","Art 32, Abs 7"
"540","Art 31, Abs 10","Art 32, Abs 8"
"541","Art 31, Abs 10","Art 32, Abs 9"
"542","Art 31, Abs 10","Art 31, Abs 1"
"543","Art 31, Abs 10","Art 31, Abs 10"
"544","Art 31, Abs 10","Art 31, Abs 11"
"545","Art 31, Abs 10","Art 31, Abs 12"
"546","Art 31, Abs 10","Art 31, Abs 13"
"547","Art 31, Abs 10","Art 28, Abs 3"
"548","Art 31, Abs 11","Art 31, Abs 1"
"549","Art 31, Abs 11","Art 31, Abs 10"
"550","Art 31, Abs 11","Art 31, Abs 11"
"551","Art 31, Abs 11","Art 31, Abs 12"
"552","Art 31, Abs 11","Art 31, Abs 13"
"553","Art 31, Abs 11","Art 31, Abs 9"
"554","Art 31, Abs 12","Art 31, Abs 1"
"555","Art 31, Abs 12","Art 31, Abs 10"
"556","Art 31, Abs 12","Art 31, Abs 11"
"557","Art 31, Abs 12","Art 31, Abs 12"
"558","Art 31, Abs 12","Art 31, Abs 13"
"559","Art 31, Abs 13","Art 31, Abs 12"
"560","Art 32, Abs 1","Art 31, Abs 1"
"561","Art 32, Abs 1","Art 31, Abs 10"
"562","Art 32, Abs 1","Art 31, Abs 11"
"563","Art 32, Abs 1","Art 31, Abs 12"
"564","Art 32, Abs 1","Art 31, Abs 13"
"565","Art 32, Abs 4","Art 46, Abs 1"
"566","Art 32, Abs 4","Art 32, Abs 6"
"567","Art 32, Abs 5","Art 32, Abs 4"
"568","Art 32, Abs 6","Art 32, Abs 4"
"569","Art 32, Abs 7","Art 35, Abs 1"
"570","Art 32, Abs 7","Art 35, Abs 10"
"571","Art 32, Abs 7","Art 35, Abs 11"
"572","Art 33, Abs 1","Art 31, Abs 1"
"573","Art 33, Abs 1","Art 31, Abs 10"
"574","Art 33, Abs 1","Art 31, Abs 11"
"575","Art 33, Abs 1","Art 31, Abs 12"
"576","Art 33, Abs 1","Art 31, Abs 13"
"577","Art 33, Abs 3","Art 33, Abs 2"
"578","Art 33, Abs 4","Art 34, Abs 1"
"579","Art 33, Abs 5","Art 33, Abs 4"
"580","Art 34, Abs 1","Art 31, Abs 1"
"581","Art 34, Abs 1","Art 31, Abs 10"
"582","Art 34, Abs 1","Art 31, Abs 11"
"583","Art 34, Abs 1","Art 31, Abs 12"
"584","Art 34, Abs 1","Art 31, Abs 13"
"585","Art 34, Abs 1","Art 42, Abs 1"
"586","Art 34, Abs 1","Art 42, Abs 2"
"587","Art 34, Abs 1","Art 42, Abs 3"
"588","Art 34, Abs 1","Art 42, Abs 4"
"589","Art 34, Abs 1","Art 42, Abs 5"
"590","Art 34, Abs 1","Art 42, Abs 6"
"591","Art 34, Abs 1","Art 42, Abs 7"
"592","Art 34, Abs 1","Art 42, Abs 8"
"593","Art 34, Abs 1","Art 42, Abs 9"
"594","Art 34, Abs 1","Art 42, Abs 10"
"595","Art 34, Abs 1","Art 42, Abs 11"
"596","Art 34, Abs 2","Art 34, Abs 1"
"597","Art 35, Abs 1","Art 33, Abs 3"
"598","Art 35, Abs 1","Art 41, Abs 1"
"599","Art 35, Abs 1","Art 37, Abs 1"
"600","Art 35, Abs 1","Art 37, Abs 2"
"601","Art 35, Abs 1","Art 37, Abs 3"
"602","Art 35, Abs 1","Art 37, Abs 4"
"603","Art 35, Abs 1","Art 37, Abs 5"
"604","Art 35, Abs 1","Art 38, Abs 1"
"605","Art 35, Abs 1","Art 38, Abs 2"
"606","Art 35, Abs 1","Art 38, Abs 3"
"607","Art 35, Abs 1","Art 38, Abs 4"
"608","Art 35, Abs 1","Art 38, Abs 5"
"609","Art 35, Abs 1","Art 39, Abs 1"
"610","Art 35, Abs 1","Art 39, Abs 2"
"611","Art 35, Abs 1","Art 39, Abs 3"
"612","Art 35, Abs 1","Art 39, Abs 4"
"613","Art 35, Abs 1","Art 39, Abs 5"
"614","Art 35, Abs 1","Art 39, Abs 6"
"615","Art 35, Abs 1","Art 39, Abs 7"
"616","Art 35, Abs 3","Art 35, Abs 1"
"617","Art 35, Abs 3","Art 35, Abs 10"
"618","Art 35, Abs 3","Art 35, Abs 11"
"619","Art 35, Abs 4","Art 35, Abs 1"
"620","Art 35, Abs 4","Art 35, Abs 10"
"621","Art 35, Abs 4","Art 35, Abs 11"
"622","Art 35, Abs 6","Art 35, Abs 1"
"623","Art 35, Abs 6","Art 35, Abs 10"
"624","Art 35, Abs 6","Art 35, Abs 11"
"625","Art 35, Abs 7","Art 35, Abs 6"
"626","Art 36, Abs 1","Art 31, Abs 12"
"627","Art 36, Abs 1","Art 35, Abs 1"
"628","Art 36, Abs 1","Art 35, Abs 10"
"629","Art 36, Abs 1","Art 35, Abs 11"
"630","Art 36, Abs 1","Art 38, Abs 2"
"631","Art 36, Abs 1","Art 39, Abs 1"
"632","Art 36, Abs 1","Art 39, Abs 2"
"633","Art 36, Abs 2","Art 37, Abs 1"
"634","Art 36, Abs 2","Art 37, Abs 2"
"635","Art 36, Abs 2","Art 37, Abs 3"
"636","Art 36, Abs 2","Art 37, Abs 4"
"637","Art 36, Abs 2","Art 37, Abs 5"
"638","Art 36, Abs 3","Art 36, Abs 1"
"639","Art 36, Abs 3","Art 36, Abs 2"
"640","Art 36, Abs 3","Art 35, Abs 1"
"641","Art 36, Abs 3","Art 35, Abs 10"
"642","Art 36, Abs 3","Art 35, Abs 11"
"643","Art 37, Abs 2","Art 37, Abs 1"
"644","Art 37, Abs 3","Art 37, Abs 1"
"645","Art 38, Abs 1","Art 40, Abs 1"
"646","Art 38, Abs 3","Art 38, Abs 1"
"647","Art 38, Abs 4","Art 35, Abs 6"
"648","Art 39, Abs 1","Art 40, Abs 1"
"649","Art 40, Abs 2","Art 32, Abs 1"
"650","Art 40, Abs 2","Art 32, Abs 4"
"651","Art 40, Abs 3","Art 35, Abs 1"
"652","Art 40, Abs 3","Art 35, Abs 2"
"653","Art 40, Abs 3","Art 35, Abs 3"
"654","Art 40, Abs 3","Art 35, Abs 4"
"655","Art 40, Abs 3","Art 35, Abs 5"
"656","Art 40, Abs 3","Art 35, Abs 6"
"657","Art 40, Abs 3","Art 35, Abs 7"
"658","Art 40, Abs 3","Art 35, Abs 8"
"659","Art 40, Abs 3","Art 35, Abs 9"
"660","Art 40, Abs 3","Art 35, Abs 10"
"661","Art 40, Abs 3","Art 35, Abs 11"
"662","Art 40, Abs 4","Art 40, Abs 3"
"663","Art 41, Abs 1","Art 31, Abs 11"
"664","Art 41, Abs 1","Art 35, Abs 1"
"665","Art 41, Abs 1","Art 35, Abs 10"
"666","Art 41, Abs 1","Art 35, Abs 11"
"667","Art 41, Abs 1","Art 42, Abs 3"
"668","Art 41, Abs 2","Art 41, Abs 1"
"669","Art 42, Abs 1","Art 35, Abs 1"
"670","Art 42, Abs 1","Art 35, Abs 10"
"671","Art 42, Abs 1","Art 35, Abs 11"
"672","Art 42, Abs 2","Art 42, Abs 1"
"673","Art 42, Abs 2","Art 42, Abs 10"
"674","Art 42, Abs 2","Art 42, Abs 11"
"675","Art 42, Abs 3","Art 35, Abs 1"
"676","Art 42, Abs 3","Art 35, Abs 10"
"677","Art 42, Abs 3","Art 35, Abs 11"
"678","Art 42, Abs 5","Art 35, Abs 1"
"679","Art 42, Abs 5","Art 35, Abs 10"
"680","Art 42, Abs 5","Art 35, Abs 11"
"681","Art 42, Abs 5","Art 35, Abs 6"
"682","Art 42, Abs 6","Art 50, Abs 4"
"683","Art 42, Abs 6","Art 50, Abs 5"
"684","Art 42, Abs 8","Art 35, Abs 1"
"685","Art 42, Abs 8","Art 35, Abs 10"
"686","Art 42, Abs 8","Art 35, Abs 11"
"687","Art 42, Abs 8","Art 35, Abs 6"
"688","Art 42, Abs 8","Art 28, Abs 1"
"689","Art 42, Abs 8","Art 28, Abs 2"
"690","Art 42, Abs 8","Art 28, Abs 3"
"691","Art 42, Abs 8","Art 28, Abs 4"
"692","Art 42, Abs 8","Art 28, Abs 5"
"693","Art 42, Abs 8","Art 28, Abs 6"
"694","Art 42, Abs 8","Art 28, Abs 7"
"695","Art 42, Abs 8","Art 28, Abs 8"
"696","Art 42, Abs 8","Art 28, Abs 9"
"697","Art 42, Abs 8","Art 28, Abs 10"
"698","Art 42, Abs 9","Art 32, Abs 4"
"699","Art 43, Abs 1","Art 43, Abs 2"
"700","Art 43, Abs 1","Art 32, Abs 4"
"701","Art 43, Abs 1","Art 40, Abs 1"
"702","Art 43, Abs 1","Art 40, Abs 2"
"703","Art 43, Abs 1","Art 40, Abs 3"
"704","Art 43, Abs 1","Art 40, Abs 4"
"705","Art 43, Abs 2","Art 57, Abs 1"
"706","Art 43, Abs 2","Art 57, Abs 2"
"707","Art 43, Abs 2","Art 57, Abs 3"
"708","Art 43, Abs 2","Art 57, Abs 4"
"709","Art 43, Abs 2","Art 57, Abs 5"
"710","Art 43, Abs 2","Art 57, Abs 6"
"711","Art 45, Abs 2","Art 45, Abs 1"
"712","Art 45, Abs 3","Art 45, Abs 1"
"713","Art 47, Abs 1","Art 31, Abs 1"
"714","Art 47, Abs 1","Art 31, Abs 2"
"715","Art 47, Abs 1","Art 31, Abs 3"
"716","Art 47, Abs 1","Art 31, Abs 4"
"717","Art 47, Abs 1","Art 31, Abs 5"
"718","Art 47, Abs 1","Art 31, Abs 6"
"719","Art 47, Abs 1","Art 31, Abs 7"
"720","Art 47, Abs 1","Art 31, Abs 8"
"721","Art 47, Abs 1","Art 31, Abs 9"
"722","Art 47, Abs 1","Art 31, Abs 10"
"723","Art 47, Abs 1","Art 31, Abs 11"
"724","Art 47, Abs 1","Art 31, Abs 12"
"725","Art 47, Abs 1","Art 31, Abs 13"
"726","Art 47, Abs 4","Art 47, Abs 3"
"727","Art 47, Abs 4","Art 31, Abs 1"
"728","Art 47, Abs 4","Art 31, Abs 2"
"729","Art 47, Abs 4","Art 31, Abs 3"
"730","Art 47, Abs 4","Art 31, Abs 4"
"731","Art 47, Abs 4","Art 31, Abs 5"
"732","Art 47, Abs 4","Art 31, Abs 6"
"733","Art 47, Abs 4","Art 31, Abs 7"
"734","Art 47, Abs 4","Art 31, Abs 8"
"735","Art 47, Abs 4","Art 31, Abs 9"
"736","Art 47, Abs 4","Art 31, Abs 10"
"737","Art 47, Abs 4","Art 31, Abs 11"
"738","Art 47, Abs 4","Art 31, Abs 12"
"739","Art 47, Abs 4","Art 31, Abs 13"
"740","Art 5, Abs 1","Art 6, Abs 4"
"741","Art 5, Abs 2","Art 6, Abs 1"
"742","Art 5, Abs 2","Art 6, Abs 10"
"743","Art 5, Abs 2","Art 6, Abs 8"
"744","Art 5, Abs 2","Art 13, Abs 6"
"745","Art 50, Abs 2","Art 50, Abs 1"
"746","Art 50, Abs 3","Art 52, Abs 1"
"747","Art 50, Abs 3","Art 52, Abs 2"
"748","Art 50, Abs 5","Art 50, Abs 2"
"749","Art 50, Abs 6","Art 50, Abs 2"
"750","Art 51, Abs 1","Art 50, Abs 1"
"751","Art 51, Abs 1","Art 50, Abs 2"
"752","Art 51, Abs 1","Art 50, Abs 3"
"753","Art 51, Abs 1","Art 50, Abs 4"
"754","Art 51, Abs 1","Art 50, Abs 5"
"755","Art 51, Abs 1","Art 50, Abs 6"
"756","Art 54, Abs 1","Art 54, Abs 2"
"757","Art 54, Abs 2","Art 54, Abs 1"
"758","Art 54, Abs 2","Art 54, Abs 1"
"759","Art 54, Abs 6","Art 54, Abs 1"
"760","Art 54, Abs 6","Art 54, Abs 1"
"761","Art 54, Abs 6","Art 54, Abs 2"
"762","Art 54, Abs 6","Art 54, Abs 3"
"763","Art 54, Abs 6","Art 54, Abs 4"
"764","Art 56, Abs 2","Art 56, Abs 1"
"765","Art 57, Abs 2","Art 31, Abs 6"
"766","Art 57, Abs 2","Art 43, Abs 2"
"767","Art 57, Abs 3","Art 31, Abs 6"
"768","Art 57, Abs 3","Art 43, Abs 2"
"769","Art 57, Abs 6","Art 31, Abs 6"
"770","Art 57, Abs 6","Art 43, Abs 2"
"771","Art 58, Abs 1","Art 31, Abs 2"
"772","Art 58, Abs 1","Art 19, Abs 1"
"773","Art 58, Abs 1","Art 19, Abs 2"
"774","Art 58, Abs 1","Art 19, Abs 3"
"775","Art 58, Abs 1","Art 19, Abs 4"
"776","Art 58, Abs 1","Art 19, Abs 5"
"777","Art 58, Abs 1","Art 19, Abs 6"
"778","Art 58, Abs 1","Art 19, Abs 7"
"779","Art 58, Abs 1","Art 19, Abs 8"
"780","Art 58, Abs 1","Art 31, Abs 12"
"781","Art 58, Abs 1","Art 35, Abs 1"
"782","Art 58, Abs 1","Art 35, Abs 10"
"783","Art 58, Abs 1","Art 35, Abs 11"
"784","Art 6, Abs 8","Art 14, Abs 1"
"785","Art 6, Abs 8","Art 14, Abs 2"
"786","Art 6, Abs 8","Art 14, Abs 3"
"787","Art 6, Abs 9","Art 6, Abs 8"
"788","Art 7, Abs 1","Art 40, Abs 1"
"789","Art 7, Abs 1","Art 40, Abs 2"
"790","Art 7, Abs 1","Art 40, Abs 3"
"791","Art 7, Abs 1","Art 40, Abs 4"
"792","Art 7, Abs 1","Art 41, Abs 1"
"793","Art 7, Abs 1","Art 41, Abs 2"
"794","Art 7, Abs 1","Art 42, Abs 1"
"795","Art 7, Abs 1","Art 42, Abs 2"
"796","Art 7, Abs 1","Art 42, Abs 3"
"797","Art 7, Abs 1","Art 42, Abs 4"
"798","Art 7, Abs 1","Art 42, Abs 5"
"799","Art 7, Abs 1","Art 42, Abs 6"
"800","Art 7, Abs 1","Art 42, Abs 7"
"801","Art 7, Abs 1","Art 42, Abs 8"
"802","Art 7, Abs 1","Art 42, Abs 9"
"803","Art 7, Abs 1","Art 42, Abs 10"
"804","Art 7, Abs 1","Art 42, Abs 11"
"805","Art 7, Abs 1","Art 43, Abs 1"
"806","Art 7, Abs 1","Art 43, Abs 2"
"807","Art 7, Abs 1","Art 44, Abs 1"
"808","Art 7, Abs 1","Art 44, Abs 2"
"809","Art 7, Abs 1","Art 45, Abs 1"
"810","Art 7, Abs 1","Art 45, Abs 2"
"811","Art 7, Abs 1","Art 45, Abs 3"
"812","Art 7, Abs 1","Art 46, Abs 1"
"813","Art 7, Abs 1","Art 47, Abs 1"
"814","Art 7, Abs 1","Art 47, Abs 2"
"815","Art 7, Abs 1","Art 47, Abs 3"
"816","Art 7, Abs 1","Art 47, Abs 4"
"817","Art 7, Abs 1","Art 48, Abs 1"
"818","Art 7, Abs 1","Art 48, Abs 2"
"819","Art 7, Abs 1","Art 49, Abs 1"
"820","Art 7, Abs 1","Art 49, Abs 2"
"821","Art 8, Abs 1","Art 6, Abs 1"
"822","Art 8, Abs 1","Art 6, Abs 10"
"823","Art 8, Abs 6","Art 6, Abs 4"
"824","Art 8, Abs 6","Art 6, Abs 5"
"825","Art 8, Abs 6","Art 6, Abs 3"
"826","Art 9, Abs 4","Art 6, Abs 1"
"827","Art 9, Abs 4","Art 6, Abs 10"
